Asset,Weight (%),Return (%),Volatility (%),Return/Risk,Reason
BTC,0.0007122625675358702,8.246892414884883,11.260142657806536,0.7323967968707218,Low return/risk ratio or high correlation
ETH,0.0004971888836741368,4.505606392474397,3.423544295993232,1.3160648739809104,Low return/risk ratio or high correlation
SOL,99.99851710268823,16.24866032246488,0.280852718501042,57.854737562045685,"High return, Low volatility, Good return/risk ratio"
LINK,0.00013668833808759716,-1.3835294106783302,0.026180017779974425,-52.846771240033966,Low return/risk ratio or high correlation
DOGE,0.00013671258873629215,-1.3835294106783413,0.00031857808918546964,-4342.826633858297,Low return/risk ratio or high correlation
